-- This fixture is intentionally destructive inside commerce_demo so rerunning it is deterministic.
-- It must never be pointed at a real database.
TRUNCATE TABLE IF EXISTS commerce_demo.order_items;
TRUNCATE TABLE IF EXISTS commerce_demo.orders;
TRUNCATE TABLE IF EXISTS commerce_demo.customers;

INSERT INTO commerce_demo.customers
    (customer_id, full_name, email, segment, created_at)
VALUES
    ('00000000-0000-0000-0000-000000000001', 'Customer Demo 01', 'customer01@example.test', 'retail',     '2025-01-01 08:00:00'),
    ('00000000-0000-0000-0000-000000000002', 'Customer Demo 02', 'customer02@example.test', 'premium',    '2025-01-02 08:00:00'),
    ('00000000-0000-0000-0000-000000000003', 'Customer Demo 03', 'customer03@example.test', 'retail',     '2025-01-03 08:00:00'),
    ('00000000-0000-0000-0000-000000000004', 'Customer Demo 04', 'customer04@example.test', 'enterprise', '2025-01-04 08:00:00'),
    ('00000000-0000-0000-0000-000000000005', 'Customer Demo 05', 'customer05@example.test', 'premium',    '2025-01-05 08:00:00');

INSERT INTO commerce_demo.orders
    (order_id, customer_id, order_status, total_amount, created_at, updated_at)
VALUES
    ('10000000-0000-0000-0000-000000000001', '00000000-0000-0000-0000-000000000001', 'paid',      250000.00,  '2025-02-01 09:00:00', '2025-02-01 09:30:00'),
    ('10000000-0000-0000-0000-000000000002', '00000000-0000-0000-0000-000000000002', 'shipped',   600000.00,  '2025-02-02 10:00:00', '2025-02-03 15:00:00'),
    ('10000000-0000-0000-0000-000000000003', '00000000-0000-0000-0000-000000000003', 'cancelled', 150000.00,  '2025-02-03 11:00:00', '2025-02-03 11:15:00'),
    ('10000000-0000-0000-0000-000000000004', '00000000-0000-0000-0000-000000000001', 'pending',   200000.00,  '2025-02-04 12:00:00', '2025-02-04 12:00:00'),
    ('10000000-0000-0000-0000-000000000005', '00000000-0000-0000-0000-000000000004', 'paid',     1000000.00,  '2025-02-05 13:00:00', '2025-02-05 13:20:00'),
    ('10000000-0000-0000-0000-000000000006', '00000000-0000-0000-0000-000000000005', 'shipped',   300000.00,  '2025-02-06 14:00:00', '2025-02-07 16:00:00'),
    ('10000000-0000-0000-0000-000000000007', '00000000-0000-0000-0000-000000000002', 'paid',      290000.00,  '2025-02-07 15:00:00', '2025-02-07 15:45:00'),
    ('10000000-0000-0000-0000-000000000008', '00000000-0000-0000-0000-000000000003', 'cancelled',  90000.00,  '2025-02-08 16:00:00', '2025-02-08 16:10:00');

INSERT INTO commerce_demo.order_items
    (order_id, line_number, product_code, quantity, unit_price)
VALUES
    ('10000000-0000-0000-0000-000000000001', 1, 'SKU-A', 1,  100000.00),
    ('10000000-0000-0000-0000-000000000001', 2, 'SKU-B', 3,   50000.00),
    ('10000000-0000-0000-0000-000000000002', 1, 'SKU-C', 2,  300000.00),
    ('10000000-0000-0000-0000-000000000003', 1, 'SKU-D', 1,  150000.00),
    ('10000000-0000-0000-0000-000000000004', 1, 'SKU-E', 2,   75000.00),
    ('10000000-0000-0000-0000-000000000004', 2, 'SKU-F', 1,   50000.00),
    ('10000000-0000-0000-0000-000000000005', 1, 'SKU-G', 1, 1000000.00),
    ('10000000-0000-0000-0000-000000000006', 1, 'SKU-A', 2,  100000.00),
    ('10000000-0000-0000-0000-000000000006', 2, 'SKU-H', 4,   25000.00),
    ('10000000-0000-0000-0000-000000000007', 1, 'SKU-I', 3,   80000.00),
    ('10000000-0000-0000-0000-000000000007', 2, 'SKU-B', 1,   50000.00),
    ('10000000-0000-0000-0000-000000000008', 1, 'SKU-J', 1,   90000.00);
